"id","author","authorLink","authorThumb","text","likes","time","timestamp","edited","hasReplies","repliesToken","numReplies","reply.id","reply.author","reply.authorLink","reply.authorThumb","reply.text","reply.likes","reply.time","reply.timestamp","reply.edited"
"UgyKROCoWCYaPI5OQKJ4AaABAg","함지원","/channel/UC1TPVqgmkAsWz8DmeIWSXPg","https://yt3.ggpht.com/-49wtRBelsq8/AAAAAAAAAAI/AAAAAAAAAAA/HmAA_JwxfzE/s48-c-k-c0x00ffffff-no-rj-mo/photo.jpg","2:06 왜 무릎꿇으려다 말아요?ㅠㅋㅋㅋㅋㅋ",0,"2 minutes ago",1565458959409,false,false,,,,,,,,,,,
"Ugw6bKXEposQ2FUNKGJ4AaABAg","대국민사기꾼호날두","/channel/UCPcziaYX8ScAotuVSlXzP1A","https://yt3.ggpht.com/-zz5kXv_TbNc/AAAAAAAAAAI/AAAAAAAAAAA/hqxh2R4125E/s48-c-k-c0x00ffffff-no-rj-mo/photo.jpg","1:32 불편",0,"13 minutes ago",1565458299428,false,false,,,,,,,,,,,
"Ugx-9DXwLW0tGP82sJR4AaABAg","이동윤","/channel/UCtrR59BuLJnUv6Q-mnDM0jg","https://yt3.ggpht.com/-pWi_urIAxN4/AAAAAAAAAAI/AAAAAAAAAAA/hKcWHTyZ7Zs/s48-c-k-c0x00ffffff-no-rj-mo/photo.jpg","여기서 사용하는 저 그물망 같은 장비 이름이나 구매처 아시는 분 있나요?",0,"43 minutes ago",1565456499432,false,false,,,,,,,,,,,
"UgySsOpnhWiLQhCK9X54AaABAg","신재한","/channel/UC9DPVvY9ST0jkDWwyTonV5w","https://yt3.ggpht.com/-QN49MLTCOtA/AAAAAAAAAAI/AAAAAAAAAAA/ppeq0z7vtFw/s48-c-k-c0x00ffffff-no-rj-mo/photo.jpg","1:52 정말 태세전환 우디르급이네요",0,"1 hour ago",1565455479443,false,false,,,,,,,,,,,
"UgwuYrYCFw9CxWDErQN4AaABAg","이준성","/channel/UCg9zlNxZkKNoc8oO7cPtXHg","https://yt3.ggpht.com/-YvvBHQ3MPr0/AAAAAAAAAAI/AAAAAAAAAAA/DhY6jAnvhHY/s48-c-k-c0x00ffffff-no-rj-mo/photo.jpg","ㅈ두 시방놈",0,"1 hour ago",1565455479447,false,false,,,,,,,,,,,
"UgwtfUNbmriogMWJzh14AaABAg","양세바리","/channel/UCRL-C6TU7hzxThH0leoa6MA","https://yt3.ggpht.com/-IlENKGY195k/AAAAAAAAAAI/AAAAAAAAAAA/aBTHej09jVM/s48-c-k-c0x00ffffff-no-rj-mo/photo.jpg","역시 조투소",0,"1 hour ago",1565455479456,false,false,,,,,,,,,,,
"UgxhA1tdf7J0GpdJfed4AaABAg","좌빨킬러","/channel/UCkzVfIO8dMzB8h0Me5LK2SQ","https://yt3.ggpht.com/-EQgg5i5Lfx0/AAAAAAAAAAI/AAAAAAAAAAA/o1kMBlN4ZIk/s48-c-k-c0x00ffffff-no-rj-mo/photo.jpg","이지훈님 슛팅 오졌다",1,"1 hour ago",1565455479460,false,false,,,,,,,,,,,
"Ugzg5B5M5Et-FJ3YLwJ4AaABAg","Jae Hyeon Cho","/channel/UCsOmZqVZw-gesh8s1Lc9beg","https://yt3.ggpht.com/-gRfxEVKYZ_Q/AAAAAAAAAAI/AAAAAAAAAAA/RvuAso4_0EQ/s48-c-k-c0x00ffffff-no-rj-mo/photo.jpg","주작투스 콜라보라 우디 나온건가보네",0,"1 hour ago",1565455479462,false,false,,,,,,,,,,,
"UgzkZ3RuJOJ6GgEXdEl4AaABAg","쥬니아Junia","/channel/UCrWvek-jjX-j8lIa93oMCwA","https://yt3.ggpht.com/-2ZoydO04utY/AAAAAAAAAAI/AAAAAAAAAAA/mRrX6S_3jmE/s48-c-k-c0x00ffffff-no-rj-mo/photo.jpg","우디도 모자이크해주세요\n음원차트를 망가뜨린 놈입니다\n주작한 범죄자..",0,"1 hour ago",1565455479465,false,false,,,,,,,,,,,
"Ugx_NK0jkkfPLfMh9it4AaABAg","이기복","/channel/UCksbRyMp778hUMqst3NLqNA","https://yt3.ggpht.com/-YdPPD0S3B1E/AAAAAAAAAAI/AAAAAAAAAAA/OIzA0dQTVao/s48-c-k-c0x00ffffff-no-rj-mo/photo.jpg","구너😍",0,"1 hour ago",1565455479472,false,false,,,,,,,,,,,
"Ugwq2YW5ttrd_llExLl4AaABAg","고주용","/channel/UCeArO9AZmblhfzlLgL7v_gw","https://yt3.ggpht.com/-ywRrL7_obbk/AAAAAAAAAAI/AAAAAAAAAAA/nuXcvB6Sj0o/s48-c-k-c0x00ffffff-no-rj-mo/photo.jpg","저기 가서...슛포러브 보고싶었는데....잼철이형 목소리만 듣고 왔네요ㅠㅠ내 버킷리스트 2순위....",0,"1 hour ago",1565455479478,false,false,,,,,,,,,,,
"UgwfWPX9nAhV_B4nj2p4AaABAg","방성빈","/channel/UCEBUmD_VRPFm78skADR7MHQ","https://yt3.ggpht.com/-svxa6MrQJ78/AAAAAAAAAAI/AAAAAAAAAAA/2QviCMR9xps/s48-c-k-c0x00ffffff-no-rj-mo/photo.jpg","(오피셜)페드로 포로 맨시티 이적",0,"2 hours ago",1565451879494,false,false,,,,,,,,,,,
"UgwYAN3yesbmaUo8eZx4AaABAg","mic key","/channel/UC6RV37L1iFoN4xx7k58w0Sw","https://yt3.ggpht.com/-Gk2_qkS4cW4/AAAAAAAAAAI/AAAAAAAAAAA/5glWjM1AuR8/s48-c-k-c0x00ffffff-no-rj-mo/photo.jpg","백지훈 옛날에 존잘이었는데",0,"2 hours ago",1565451879501,false,false,,,,,,,,,,,
"UgydHx4aHltANcagrRR4AaABAg","김민성","/channel/UCvShCM5rab-YLXydVMOFthQ","https://yt3.ggpht.com/-9_H-rlur5vI/AAAAAAAAAAI/AAAAAAAAAAA/8MtAF3khYB0/s48-c-k-c0x00ffffff-no-rj-mo/photo.jpg","2:07 잘보면 무릎 꿇으려다 말음",0,"2 hours ago",1565451879507,false,false,,,,,,,,,,,
"UgzUbZN9W2Kgtbb-TsV4AaABAg","younguand younguand","/channel/UCFf6z4bgzp_9IUVa1YxzvDQ","https://yt3.ggpht.com/-BTaTK7GCgrI/AAAAAAAAAAI/AAAAAAAAAAA/bmEPs0bnlJo/s48-c-k-c0x00ffffff-no-rj-mo/photo.jpg","진짜 없어보인더",0,"2 hours ago",1565451879510,false,false,,,,,,,,,,,
"UgxCoXN4nNe6AT9V5y14AaABAg","이지훈","/channel/UCqexZUrjnZg12SzTNSrkkvQ","https://yt3.ggpht.com/-RPkdnx2pfSU/AAAAAAAAAAI/AAAAAAAAAAA/xhSS8Wp065M/s48-c-k-c0x00ffffff-no-rj-mo/photo.jpg","저 이름이 이지훈인데 그리고 여기 나온데로 진짜 축구배웠어요 😱",0,"3 hours ago",1565448279512,false,false,,,,,,,,,,,
"UgzWyvokBpZNhRnFJy94AaABAg","리오넬메시","/channel/UCrcljrH6a9yHIWvF5pup5ZA","https://yt3.ggpht.com/-1Tz4y7MYOvY/AAAAAAAAAAI/AAAAAAAAAAA/YwLGooXL2kI/s48-c-k-c0x00ffffff-no-rj-mo/photo.jpg","나는 신이다",0,"3 hours ago",1565448279514,false,true,"EkQSC3ZGdHN4ZlF1S1JVwAEAyAEA4AEBogINKP___________wFAAMICGxoXaHR0cHM6Ly93d3cueW91dHViZS5jb20iABgGMk4aTBIaVWd6V3l2b2tCcFpOaFJuRkp5OTRBYUFCQWciAggAKhhVQ2RURGR5Z3BaS2REZXcyczFzNDE5aXcyC3ZGdHN4ZlF1S1JVQAFI9AM%3D",1,,,,,,,,,
,,,,,,,,,,,,"UgzWyvokBpZNhRnFJy94AaABAg.8ySbmioyXj88ySbonekNt9","리오넬메시","/channel/UCrcljrH6a9yHIWvF5pup5ZA","https://yt3.ggpht.com/-1Tz4y7MYOvY/AAAAAAAAAAI/AAAAAAAAAAA/YwLGooXL2kI/s32-c-k-c0x00ffffff-no-rj-mo/photo.jpg","아임 이즈갓",0,"3 hours ago",1565448279988,false
"UgzRmTKJ_1Z33Ni3tFN4AaABAg","퐁댱","/channel/UCcHgVbPQbuMWaKGNMIBLqyA","https://yt3.ggpht.com/-zG8Flecr9nw/AAAAAAAAAAI/AAAAAAAAAAA/e6Qrr73GhzE/s48-c-k-c0x00ffffff-no-rj-mo/photo.jpg","7 칠성사이다 만큼 뻥 뚫리는\n2 이쁜 슛을 넣을거 같던 호날두의\n6 육체는 벤치에 있네요 18",0,"3 hours ago",1565448279521,true,false,,,,,,,,,,,
"Ugx9QliMR7Djd1O5_jZ4AaABAg","ᄎᄒᄒ","/channel/UCinBIwiKxVpjRSO79IlhOlQ","https://yt3.ggpht.com/-4ATbVprsXUQ/AAAAAAAAAAI/AAAAAAAAAAA/wED1VAyz7JM/s48-c-k-c0x00ffffff-no-rj-mo/photo.jpg","썸네일 합성 지리네 ㅋㅋㅋㅋ",0,"3 hours ago",1565448279524,false,false,,,,,,,,,,,
"Ugwu2ACPVXXyFedXb7F4AaABAg","왓슨","/channel/UCn-r4VRJkXET23wc_05GgKA","https://yt3.ggpht.com/-KEkt9zbGdRY/AAAAAAAAAAI/AAAAAAAAAAA/_Sjhya298vY/s48-c-k-c0x00ffffff-no-rj-mo/photo.jpg","저 때 내 생일이였는데....;;..",0,"3 hours ago",1565448279525,false,false,,,,,,,,,,,
"UgxJvvRE-cHy44BRjMF4AaABAg","김 대욱","/channel/UCqAr3r4MTVtixMIkO0k2hXw","https://yt3.ggpht.com/-znMElWIg3Gg/AAAAAAAAAAI/AAAAAAAAAAA/GDoyVTIhS38/s48-c-k-c0x00ffffff-no-rj-mo/photo.jpg","3분19초에 골기퍼라고 나만 오타 보이나?",0,"4 hours ago",1565444680887,false,false,,,,,,,,,,,
"UgyjenldNI1QvBUb2kN4AaABAg","룰루랄라","/channel/UCL3pI35KRmOb3XyEjoOpucQ","https://yt3.ggpht.com/-5o7LOBMywFA/AAAAAAAAAAI/AAAAAAAAAAA/gvpuEbHDnV8/s48-c-k-c0x00ffffff-no-rj-mo/photo.jpg","근데 조밥 탈출하셨으면 꽁병지 행님들이랑 다시 삭발빵 해야되는거 아닌가요?",0,"4 hours ago",1565444680891,false,false,,,,,,,,,,,
"Ugy_H54j_hBIGhlH8jZ4AaABAg","김지홍","/channel/UCWWjpod_XK0yW-m-4kif9gw","https://yt3.ggpht.com/-rS4JBAi5uLo/AAAAAAAAAAI/AAAAAAAAAAA/DqEhVB2OjVk/s48-c-k-c0x00ffffff-no-rj-mo/photo.jpg","몰카인것이라고 의심했을 때부터 잘못되었다....",0,"4 hours ago",1565444680895,false,false,,,,,,,,,,,
"UgyGtaTypcBMfZ-_pC14AaABAg","lee kang","/channel/UCfI9LB6VwsqX2hBIqO0pWpg","https://yt3.ggpht.com/-yAVd77UJsXA/AAAAAAAAAAI/AAAAAAAAAAA/EKGGDaDP3_U/s48-c-k-c0x00ffffff-no-rj-mo/photo.jpg","구너 누나 예뻐요♥",3,"4 hours ago",1565444680901,false,false,,,,,,,,,,,
"UgwJIHGno2nxYvoLrpJ4AaABAg","또치","/channel/UCem27m3b3dIbeG_B7wW-j3w","https://yt3.ggpht.com/-mORvDhryfa0/AAAAAAAAAAI/AAAAAAAAAAA/9ZhTyhaqWHw/s48-c-k-c0x00ffffff-no-rj-mo/photo.jpg","이지훈님이랑 축구 해본적 있는데 진짜 기본기있고 잘 차심 인성도 좋으시고 깜짝 놀랐어요",0,"4 hours ago",1565444680931,false,false,,,,,,,,,,,
"UgwQx-FY6ZQ1JhytGYF4AaABAg","좇수지","/channel/UC5YOT2c4pjFUuzjDqniK5qA","https://yt3.ggpht.com/-mtOsjnmnF3A/AAAAAAAAAAI/AAAAAAAAAAA/BeYgznPmxCM/s48-c-k-c0x00ffffff-no-rj-mo/photo.jpg","1분9초에 김재성 전국가대표님 축구부에서 만나서 교훈들었었는데",0,"4 hours ago",1565444680934,false,false,,,,,,,,,,,
"Ugwg7VI7FS1NpD3I5eR4AaABAg","20 19","/channel/UCmiEjcpUrkMYNYou9mH6NCw","https://yt3.ggpht.com/-TYfop3vpDDw/AAAAAAAAAAI/AAAAAAAAAAA/VA0Y5GRlJrg/s48-c-k-c0x00ffffff-no-rj-mo/photo.jpg","축구의 신 메갓 ㄷㄷ",0,"4 hours ago",1565444680938,false,false,,,,,,,,,,,
"Ugz75Cty6vzTv9vRsKN4AaABAg","Steo Lin","/channel/UCS3b7803txgOBEKOiAsoA8Q","https://yt3.ggpht.com/-lnJxToKgi-8/AAAAAAAAAAI/AAAAAAAAAAA/FJF-M8BN_VA/s48-c-k-c0x00ffffff-no-rj-mo/photo.jpg","우디뭐냐 ㅋ 개갑분싸네 저기가 어디라고 나오냐 ㅋㅋㅋ 주작디 ㅋㅋㅋㅋㅋ",0,"4 hours ago",1565444680945,false,false,,,,,,,,,,,
"UgykVKKmPIekC0AQK6l4AaABAg","님노","/channel/UCKejyPC3kNqMmjzAnw1ZLMQ","https://yt3.ggpht.com/-Qi5m94PQDsE/AAAAAAAAAAI/AAAAAAAAAAA/LBnBuV6mkI0/s48-c-k-c0x00ffffff-no-rj-mo/photo.jpg","2:50 ㅋㅋㅋㅋㅋㅋㅋㅋㅋㅋㅋㅋ",0,"4 hours ago",1565444680948,false,false,,,,,,,,,,,
"UgwcVdSL3NRIsEGt4XN4AaABAg","유성호","/channel/UCC6ykenLhjPi75qB1B1z5Mg","https://yt3.ggpht.com/-xONoz5Rrn-w/AAAAAAAAAAI/AAAAAAAAAAA/hTWHRCnR85U/s48-c-k-c0x00ffffff-no-rj-mo/photo.jpg","우디 사재기이 가수아닌강",0,"4 hours ago",1565444680959,false,false,,,,,,,,,,,
"UgyVgjcO9ysUjr8-y294AaABAg","햅규따번","/channel/UCmKSnSPuDJHel_BaIFotn3w","https://yt3.ggpht.com/-UxSsrRMeYLg/AAAAAAAAAAI/AAAAAAAAAAA/NKeHuFoJxxY/s48-c-k-c0x00ffffff-no-rj-mo/photo.jpg","개좆두 끄지라",0,"4 hours ago",1565444680966,false,false,,,,,,,,,,,
"Ugz8Ozf-qeiMl0hr_H54AaABAg","AM #AL","/channel/UC7tt8uVXN4-VOQv9WP1XOGQ","https://yt3.ggpht.com/-42ijrhCLsrs/AAAAAAAAAAI/AAAAAAAAAAA/Ok0LC9yr-Wo/s48-c-k-c0x00ffffff-no-rj-mo/photo.jpg","Cristiano Nalgangdo\n출생: 2019. 7.26\n신장: 187cm 83.5kg\n소속팀유벤투스 FC (FW 공격수, 7)데뷔2002년 스포르팅 리스본 입단수상2017년 발롱도르상경력2018.07~ 유벤투스 FC (이탈리아)사이트공식사이트, 인스타그램, 트위터, 페이스북",0,"4 hours ago",1565444680992,false,false,,,,,,,,,,,
"Ugz2shue_wborgROI594AaABAg","구정화","/channel/UCMng79vx692xzVY69pRSozg","https://yt3.ggpht.com/-MHQzh7OWp68/AAAAAAAAAAI/AAAAAAAAAAA/1ViKNNFvUec/s48-c-k-c0x00ffffff-no-rj-mo/photo.jpg","2:07 이 형 무릎꿇을려다가 말았네",0,"4 hours ago",1565444680999,true,false,,,,,,,,,,,
"UgwO_GkQh8GGdErqpCB4AaABAg","김인직","/channel/UCobNmMReRwWPEhpknUCOqJw","https://yt3.ggpht.com/-dJY9qFvO_34/AAAAAAAAAAI/AAAAAAAAAAA/JMPIXbfI-_0/s48-c-k-c0x00ffffff-no-rj-mo/photo.jpg","우디는 ㄹㅇ 왜나온거지",5,"4 hours ago",1565444681001,false,false,,,,,,,,,,,
"Ugz4asUsYjqaIPz77w54AaABAg","액면가30세 이현종","/channel/UC7ulcEhiZJL4ngX4cFLd_Gg","https://yt3.ggpht.com/-oLn24yZOlf4/AAAAAAAAAAI/AAAAAAAAAAA/pCVJK7gId4A/s48-c-k-c0x00ffffff-no-rj-mo/photo.jpg","저기 그 우디랑 우디고차일드랑 바뀐 거 같아요 아닌가",0,"4 hours ago",1565444681016,false,true,"EkQSC3ZGdHN4ZlF1S1JVwAEAyAEA4AEBogINKP___________wFAAMICGxoXaHR0cHM6Ly93d3cueW91dHViZS5jb20iABgGMk4aTBIaVWd6NGFzVXNZanFhSVB6Nzd3NTRBYUFCQWciAggAKhhVQ2RURGR5Z3BaS2REZXcyczFzNDE5aXcyC3ZGdHN4ZlF1S1JVQAFI9AM%3D",1,,,,,,,,,
,,,,,,,,,,,,"Ugz4asUsYjqaIPz77w54AaABAg.8ySUcDgxBf78ySWofQsIrD","유성호","/channel/UCC6ykenLhjPi75qB1B1z5Mg","https://yt3.ggpht.com/-xONoz5Rrn-w/AAAAAAAAAAI/AAAAAAAAAAA/hTWHRCnR85U/s32-c-k-c0x00ffffff-no-rj-mo/photo.jpg","우디라는 가수있어요",0,"4 hours ago",1565444681613,false
"UgzT9Fpey95iLr9dflx4AaABAg","김호준","/channel/UChzaJlpO8IMrvTpjyJIRNKw","https://yt3.ggpht.com/-UrW0OjF4bf0/AAAAAAAAAAI/AAAAAAAAAAA/qnaG5kz10VY/s48-c-k-c0x00ffffff-no-rj-mo/photo.jpg","유벤전 직관갔을때 슛포러브랑 트레제게, 다비즈 온대서 보러갔었는데 6시 까지도 트레제게랑 다비즈가 안와서 경기입장땜에 경기 전반만 보고 나왔어요 ㅠㅜ 그때 잼철이형한테 사진요\n청했던 남자 중학생인데 잼철이형이랑 못찍어서 아쉬웠어요. 트레제게랑 다비즈도 못봐서 ㅠㅜ 그래도 막판에 두 레전드가 뛰고 갔었다고 하니 다행이네요.",3,"5 hours ago",1565441081028,false,false,,,,,,,,,,,
"UgzJlHbz6nyLEQzLWL14AaABAg","최준혁","/channel/UCW9u5mFteL7BDurNosIhnkQ","https://yt3.ggpht.com/-oI5Qpbl1btI/AAAAAAAAAAI/AAAAAAAAAAA/VRaDNiu6jIM/s48-c-k-c0x00ffffff-no-rj-mo/photo.jpg","우디는 왜 있어요??",6,"5 hours ago",1565441081030,false,false,,,,,,,,,,,
"UgxCrCWQKWW9LFHxsep4AaABAg","김동훈","/channel/UCB4FtF6ems1RfQHhcfMgLHA","https://yt3.ggpht.com/-o_NOXR_v-0Y/AAAAAAAAAAI/AAAAAAAAAAA/KuA6mte-j9Q/s48-c-k-c0x00ffffff-no-rj-mo/photo.jpg","2:06 우리형이 바뀔 거라는 것을 예언한 세리모니",2,"5 hours ago",1565441081031,false,false,,,,,,,,,,,
"UgzEZdq0aWXCZjauwgJ4AaABAg","뀨우","/channel/UC2x3ro4UmVNhISFUuJr6Wvw","https://yt3.ggpht.com/-LBPb2JMKqhY/AAAAAAAAAAI/AAAAAAAAAAA/dbIzZ8l40OM/s48-c-k-c0x00ffffff-no-rj-mo/photo.jpg","백지훈선수보니까 이관우,김대의 선수도 보고싶네오ㅠ",0,"5 hours ago",1565441081033,false,false,,,,,,,,,,,
"UgxOl2FnMmSwo4BQM414AaABAg","시기님","/channel/UCsGNlHWuEj9MsokEeY99udg","https://yt3.ggpht.com/-9xODHz9d_PA/AAAAAAAAAAI/AAAAAAAAAAA/38vx4Vc3pFc/s48-c-k-c0x00ffffff-no-rj-mo/photo.jpg","화이팅~~~!",0,"5 hours ago",1565441081034,false,false,,,,,,,,,,,
"Ugym2-IvvP_Jzmlo0iJ4AaABAg","뜨리구퀸","/channel/UCh-QMenigzMK1zFBmR0g8lA","https://yt3.ggpht.com/-uwuJrUoGs70/AAAAAAAAAAI/AAAAAAAAAAA/Q-6H83qMZdA/s48-c-k-c0x00ffffff-no-rj-mo/photo.jpg","오",0,"5 hours ago",1565441082442,false,false,,,,,,,,,,,
"UgzOypuMDNj8ONno9PJ4AaABAg","Heesoon Lee","/channel/UCwNQ3NX3PfrkHMOgls_x4TQ","https://yt3.ggpht.com/-Y-YQIKuY7oc/AAAAAAAAAAI/AAAAAAAAAAA/gdf5sCpTWv4/s48-c-k-c0x00ffffff-no-rj-mo/photo.jpg","1:31\n???",1,"5 hours ago",1565441082446,false,false,,,,,,,,,,,
"UgwtP2WuUgHeROmEJml4AaABAg","이유지텍","/channel/UCMMrjDN0Dc488h7peVxU0Rw","https://yt3.ggpht.com/-tyuTDJ2Tn9U/AAAAAAAAAAI/AAAAAAAAAAA/cC_jQXUTy9A/s48-c-k-c0x00ffffff-no-rj-mo/photo.jpg","유니폼입으모습보이니까 조원희 선수에 그 헤딩이 생각나네용~ ㅎㅎ",0,"5 hours ago",1565441082448,false,false,,,,,,,,,,,
"Ugxz6iCkIdF54HJFHvR4AaABAg","hahasilsil","/channel/UCa4VmD2qqzNE1JetY21DNiw","https://yt3.ggpht.com/-yn0RK6GJP94/AAAAAAAAAAI/AAAAAAAAAAA/3PmF6VJzYiM/s48-c-k-c0x00ffffff-no-rj-mo/photo.jpg","3:17 골기퍼가 뭡니까...",0,"5 hours ago",1565441082452,false,false,,,,,,,,,,,
"UgzWQPeqcKhbjVMgJRN4AaABAg","김지홍","/channel/UC4Dvcfu-Zr9qoT57K1fjr2A","https://yt3.ggpht.com/-T-1LovjSAqg/AAAAAAAAAAI/AAAAAAAAAAA/cANFEfyoa_s/s48-c-k-c0x00ffffff-no-rj-mo/photo.jpg","현실은 k리그용",0,"6 hours ago",1565437482456,false,false,,,,,,,,,,,
"UgzEfmpXltNtG2OoIpR4AaABAg","최영광","/channel/UCWYKAnhSNWzAf-TdTW3wuUw","https://yt3.ggpht.com/-hizLNZWz13w/AAAAAAAAAAI/AAAAAAAAAAA/KlKO-jnUjzY/s48-c-k-c0x00ffffff-no-rj-mo/photo.jpg","1:49 이슛이 골대를 맞고 나온다면",1,"6 hours ago",1565437482459,false,false,,,,,,,,,,,
"Ugyx22v_6nx1SzviXxx4AaABAg","송현호","/channel/UCNUodNQncSEhgaLtnFtMKuw","https://yt3.ggpht.com/-L1TgoSE3hB4/AAAAAAAAAAI/AAAAAAAAAAA/WFDMa_N5lDo/s48-c-k-c0x00ffffff-no-rj-mo/photo.jpg","가은 키퍼 넘이뻐ㅠㅠㅠㅠㅠ",0,"6 hours ago",1565437482461,false,false,,,,,,,,,,,
"UgwcweMhUVRRuYA_feR4AaABAg","예언가","/channel/UCu1NZdjlukpk9kem50ZZx-w","https://yt3.ggpht.com/-I4M4VNaL0M8/AAAAAAAAAAI/AAAAAAAAAAA/mxmdTNOG8-Q/s48-c-k-c0x00ffffff-no-rj-mo/photo.jpg","3:48 뭘 배웠다는 거죵????",0,"6 hours ago",1565437482465,false,false,,,,,,,,,,,
"UgzuY3KN1fd3GxqLCWt4AaABAg","안동수","/channel/UCLO1oNIx-YWOpruH8-WA9ew","https://yt3.ggpht.com/-WoDypJxqhzw/AAAAAAAAAAI/AAAAAAAAAAA/wxxWVX4Fd8w/s48-c-k-c0x00ffffff-no-rj-mo/photo.jpg","날강두",0,"6 hours ago",1565437482468,false,false,,,,,,,,,,,
"UgzwHk2KCApFhd3LF914AaABAg","초기공tv [초등학생의 기초 공부법]","/channel/UCepQLs6biUlAGwVT1gG-D8A","https://yt3.ggpht.com/-EF_ywqkFP7M/AAAAAAAAAAI/AAAAAAAAAAA/bpQAMAgHcvc/s48-c-k-c0x00ffffff-no-rj-mo/photo.jpg","논란이 되었던 노룩패스가 아닌 노룩슈팅!!!!!!",2,"6 hours ago",1565437482478,false,false,,,,,,,,,,,
"UgyBH9PTt9MzqsgSdqZ4AaABAg","김동진","/channel/UCj_Q6gImc6Mjk9gNHGs0EUg","https://yt3.ggpht.com/-Wiy95IhVsII/AAAAAAAAAAI/AAAAAAAAAAA/woS0WvmQII0/s48-c-k-c0x00ffffff-no-rj-mo/photo.jpg","날강두가 호날두했네",0,"6 hours ago",1565437482480,false,false,,,,,,,,,,,
"UgxGWSzogsrY3u_Ylx94AaABAg","이어진","/channel/UCyDWmB6PcxVDZcUTJIrRnQQ","https://yt3.ggpht.com/-0LTfM07e1gw/AAAAAAAAAAI/AAAAAAAAAAA/5nwrw9iXdfw/s48-c-k-c0x00ffffff-no-rj-mo/photo.jpg","저런 쭉 뻗어나가는 슛 어떻게 차요?? 저 떠있는공 차면 홈런인데;;",0,"6 hours ago",1565437482501,false,false,,,,,,,,,,,
"UgxBUaa-4YsIKyN-wb14AaABAg","Lee jun","/channel/UCW8Negz6jRome2FlFOCW1iQ","https://yt3.ggpht.com/-LkOa_hQOMNE/AAAAAAAAAAI/AAAAAAAAAAA/Z35doFv9LS0/s48-c-k-c0x00ffffff-no-rj-mo/photo.jpg","현영민 형님 진짜 귀여우시네 ㅋㅋㅋㅋㅋㅋ자주 나오길",2,"6 hours ago",1565437482512,false,false,,,,,,,,,,,
"Ugw24xumukhtb5cfCQJ4AaABAg","냠 냠","/channel/UCiGpj4fTrDxeAVOjjeXj1AQ","https://yt3.ggpht.com/-dSp49FOc3Zk/AAAAAAAAAAI/AAAAAAAAAAA/LTQaD6XPbaY/s48-c-k-c0x00ffffff-no-rj-mo/photo.jpg","골키퍼 강화훈련 ㅎㄷㄷ",0,"6 hours ago",1565437482527,false,false,,,,,,,,,,,
"Ugxsq9D4y0TP1GLF3WR4AaABAg","오도경","/channel/UCHymBj0VLxbzdRV1SizW7Aw","https://yt3.ggpht.com/-XupqDEilA94/AAAAAAAAAAI/AAAAAAAAAAA/M4CFiC1FoWI/s48-c-k-c0x00ffffff-no-rj-mo/photo.jpg","3:47 배우 신분 배우신 분  에에에에이이이이",0,"6 hours ago",1565437482531,false,false,,,,,,,,,,,
"Ugzss2P8TXxR-nwgX_54AaABAg","케빈데브라위너","/channel/UC4OAMm8F9Iq3tfx4TvAlJDw","https://yt3.ggpht.com/-nJMr1taIZ0A/AAAAAAAAAAI/AAAAAAAAAAA/5qIoYEBmjYA/s48-c-k-c0x00ffffff-no-rj-mo/photo.jpg","노룩프리킥 오진다... 탐난다... 꿀꺽",1,"6 hours ago",1565437482535,false,false,,,,,,,,,,,
"Ugyk_4kzH_EsOKrpKNZ4AaABAg","김훈","/channel/UC7oqdbyc0wHiZ4YapHSkulA","https://yt3.ggpht.com/-nq3bFhu96gk/AAAAAAAAAAI/AAAAAAAAAAA/GWVvoHc0eDY/s48-c-k-c0x00ffffff-no-rj-mo/photo.jpg","근데왜 경기뛰면 국대들 전부 개발에 대기권돌파슛만하는지...",0,"6 hours ago",1565437482541,false,true,"EkQSC3ZGdHN4ZlF1S1JVwAEAyAEA4AEBogINKP___________wFAAMICGxoXaHR0cHM6Ly93d3cueW91dHViZS5jb20iABgGMk4aTBIaVWd5a180a3pIX0VzT0tycEtOWjRBYUFCQWciAggAKhhVQ2RURGR5Z3BaS2REZXcyczFzNDE5aXcyC3ZGdHN4ZlF1S1JVQAFI9AM%3D",1,,,,,,,,,
,,,,,,,,,,,,"Ugyk_4kzH_EsOKrpKNZ4AaABAg.8ySJLQHPcfN8ySmT7n_rPe","백종수","/channel/UCQdA-iE-pInHTnq5fHtVTVw","https://yt3.ggpht.com/-4g18PlNHryo/AAAAAAAAAAI/AAAAAAAAAAA/tljN2GqTD7k/s32-c-k-c0x00ffffff-no-rj-mo/photo.jpg","경기 상황에서랑 다르죠 생각 좀..",0,"2 hours ago",1565451883085,false
"UgwDeqHc_pAJ-GYtQ5N4AaABAg","디디","/channel/UCB9RqZ35d7aRX1bXMVcbjsw","https://yt3.ggpht.com/-rE6DRMULLrk/AAAAAAAAAAI/AAAAAAAAAAA/tKGwG5XBGE0/s48-c-k-c0x00ffffff-no-rj-mo/photo.jpg","호남두가 젤 웃기더라ㅋㅋㅋㅋ",0,"6 hours ago",1565437482545,false,false,,,,,,,,,,,
"UgwbfIb7ru5tmKK5mgJ4AaABAg","우희힝","/channel/UC0fvs-6DVTpTCORwZVUU7ZQ","https://yt3.ggpht.com/-xOcuyq2grv8/AAAAAAAAAAI/AAAAAAAAAAA/ErKLRGp_qgg/s48-c-k-c0x00ffffff-no-rj-mo/photo.jpg","첫화면 날강두 ㅋㅋ",0,"6 hours ago",1565437482547,false,false,,,,,,,,,,,
"UgzegKf-3FwFJqls1vx4AaABAg","de c","/channel/UC65us4fdyuyRBeZlScPAwwQ","https://yt3.ggpht.com/-d1IgAY1UHMw/AAAAAAAAAAI/AAAAAAAAAAA/_yl4C9xOWwc/s48-c-k-c0x00ffffff-no-rj-mo/photo.jpg","아주그냥 레전드부터 이적생까지 죄다 날강도 먹튀들이네",0,"6 hours ago",1565437482548,false,true,"EkQSC3ZGdHN4ZlF1S1JVwAEAyAEA4AEBogINKP___________wFAAMICGxoXaHR0cHM6Ly93d3cueW91dHViZS5jb20iABgGMk4aTBIaVWd6ZWdLZi0zRndGSnFsczF2eDRBYUFCQWciAggAKhhVQ2RURGR5Z3BaS2REZXcyczFzNDE5aXcyC3ZGdHN4ZlF1S1JVQAFI9AM%3D",1,,,,,,,,,
,,,,,,,,,,,,"UgzegKf-3FwFJqls1vx4AaABAg.8ySI5_Tf7Oy8ySIY18m3xh","우희힝","/channel/UC0fvs-6DVTpTCORwZVUU7ZQ","https://yt3.ggpht.com/-xOcuyq2grv8/AAAAAAAAAAI/AAAAAAAAAAA/ErKLRGp_qgg/s32-c-k-c0x00ffffff-no-rj-mo/photo.jpg","데리흐트는 왜?",0,"6 hours ago",1565437483027,false
"UgyKgwE3DB-5cQU0quR4AaABAg","허제","/channel/UCR4p8xrz20jVbXcfPuwjnbg","https://yt3.ggpht.com/-LlMEJaa4XLs/AAAAAAAAAAI/AAAAAAAAAAA/9TGQWRYKfUU/s48-c-k-c0x00ffffff-no-rj-mo/photo.jpg","저는 직관해서 아는데요 다음 영상에 스포가 될 수 있으니 밑에 적어놓겠습니다.\n\n\n\n\n\n다비즈와 트레제게는 이때 비가 정말 많이 왔어서 차가 막힌 관계로 이 뒤에 후반전 거의 끝날때 오셨어요. 그런데 두선수는 팬들이 자신을 기다리는걸 알고 자처해서 비오는데도 연장전을 뛰시고 가셨습니다. 누구랑은 다르게요...",139,"6 hours ago",1565437483998,false,true,"EkQSC3ZGdHN4ZlF1S1JVwAEAyAEA4AEBogINKP___________wFAAMICGxoXaHR0cHM6Ly93d3cueW91dHViZS5jb20iABgGMk4aTBIaVWd5S2d3RTNEQi01Y1FVMHF1UjRBYUFCQWciAggAKhhVQ2RURGR5Z3BaS2REZXcyczFzNDE5aXcyC3ZGdHN4ZlF1S1JVQAFI9AM%3D",3,,,,,,,,,
,,,,,,,,,,,,"UgyKgwE3DB-5cQU0quR4AaABAg.8ySHvdDCo2A8ySWvLv2AOp","귀리보이","/channel/UCgpNIWoKK0QQCEsjqZQa0xw","https://yt3.ggpht.com/-VeddIJBBxLU/AAAAAAAAAAI/AAAAAAAAAAA/AeQg_W_w4_g/s32-c-k-c0x00ffffff-no-rj-mo/photo.jpg","엥 진짜 오신거에요?",0,"4 hours ago",1565444684741,false
,,,,,,,,,,,,"UgyKgwE3DB-5cQU0quR4AaABAg.8ySHvdDCo2A8ySaPUNkX6Q","앙모띠","/channel/UC7YGUhtR9qm6WBGk5XOv2Ug","https://yt3.ggpht.com/-IW6-ngvALnE/AAAAAAAAAAI/AAAAAAAAAAA/DFsvPkP8vf0/s32-c-k-c0x00ffffff-no-rj-mo/photo.jpg","음주운전옹호하네ㅂㅅ",0,"3 hours ago",1565448284743,false
,,,,,,,,,,,,"UgyKgwE3DB-5cQU0quR4AaABAg.8ySHvdDCo2A8ySoGZ2P2QL","낄끼유","/channel/UCOowrP7EzCKzaiOrEMnfRqg","https://yt3.ggpht.com/-NtmQu26Mbwc/AAAAAAAAAAI/AAAAAAAAAAA/8KPr9VDTtNI/s32-c-k-c0x00ffffff-no-rj-mo/photo.jpg","앙모띠 갑자기 음주운전이 왜 나옴",2,"1 hour ago",1565455484744,false
"Ugy4wYnM8yc73RpRW2J4AaABAg","aka gonzo","/channel/UCocqtfxQBjZ-U8so-Ih3Znw","https://yt3.ggpht.com/-v_0d3kCWO_M/AAAAAAAAAAI/AAAAAAAAAAA/hWJ_Kfez9yM/s48-c-k-c0x00ffffff-no-rj-mo/photo.jpg","현영민형님\n못다한 세리머니ㅋㅋㅋㅋ",0,"6 hours ago",1565437484011,false,false,,,,,,,,,,,
"Ugxw4ahCbnLMRMq60Op4AaABAg","W I","/channel/UCsBy7DD1r3nq85TR-pStRjA","https://yt3.ggpht.com/-rDx1DZatpMs/AAAAAAAAAAI/AAAAAAAAAAA/NULyYwC-S64/s48-c-k-c0x00ffffff-no-rj-mo/photo.jpg","조밥탈출 vs 뭉쳐야 찬다 안될까요ㅠ",0,"6 hours ago",1565437484013,false,false,,,,,,,,,,,
"UgxkdVveYRBApB3gppt4AaABAg","fifaGo CH.","/channel/UCJaDV462REF9QfkaG1ZG0bA","https://yt3.ggpht.com/-sfmM945pEU0/AAAAAAAAAAI/AAAAAAAAAAA/ZG1oNOJip0Q/s48-c-k-c0x00ffffff-no-rj-mo/photo.jpg","우디투스 영상이라 우디 나온건가",3,"6 hours ago",1565437484019,false,false,,,,,,,,,,,
"Ugz4jq0XonGCkStYoTh4AaABAg","정선우","/channel/UCJC36mRZ6Ce2AuV5lr_3uQA","https://yt3.ggpht.com/-hqUSjTWq7_o/AAAAAAAAAAI/AAAAAAAAAAA/c8rqQuf1NV0/s48-c-k-c0x00ffffff-no-rj-mo/photo.jpg","강날두 나쁜##",0,"6 hours ago",1565437484032,false,false,,,,,,,,,,,
"UgxPIilPNqHwsxwBB2V4AaABAg","[한화]이글스","/channel/UCY1hBLnZuaDqVAN0-Dk58EQ","https://yt3.ggpht.com/-0yTvANFkYQE/AAAAAAAAAAI/AAAAAAAAAAA/aYeOxawqVpE/s48-c-k-c0x00ffffff-no-rj-mo/photo.jpg","날강두",0,"6 hours ago",1565437484034,false,false,,,,,,,,,,,
"UgxiD1yujpF_GapH1p54AaABAg","길성순","/channel/UCX10BU8rAGa78MKaSqzjg-Q","https://yt3.ggpht.com/-cdbRnqbl_gM/AAAAAAAAAAI/AAAAAAAAAAA/noxzC6UwVlA/s48-c-k-c0x00ffffff-no-rj-mo/photo.jpg","원희형 진짜 노력파지",0,"6 hours ago",1565437484049,false,false,,,,,,,,,,,
"UgzawwYStn8m8YS9fnp4AaABAg","이미네","/channel/UCsVO7CSXRxa1dmroYmwrWjg","https://yt3.ggpht.com/-lWtlTeGMvWY/AAAAAAAAAAI/AAAAAAAAAAA/RIPIJOqQpbk/s48-c-k-c0x00ffffff-no-rj-mo/photo.jpg","유벤투스 진짜 가지가지 하고 갔네요..ㅜㅜ슛포러브님들 비오는데 고생하셨어요👏",0,"6 hours ago",1565437484051,false,false,,,,,,,,,,,
"UgwHSgbL8SS8Ar7IxJN4AaABAg","샤쿤","/channel/UCKV2s97q_meoe5d6LNdF-uA","https://yt3.ggpht.com/-Xo6nMMBCcSs/AAAAAAAAAAI/AAAAAAAAAAA/ljFrwhyR8IA/s48-c-k-c0x00ffffff-no-rj-mo/photo.jpg","바밤바님 유태평양 닮으셨어요 ❤🧡💛💚💙💜",2,"6 hours ago",1565437484061,true,false,,,,,,,,,,,
"UgxIqAWns-zRJ47iMRF4AaABAg","에이스","/channel/UCTpGOg78_XVmx7UgFeeVNCA","https://yt3.ggpht.com/-PiHvRBf77y0/AAAAAAAAAAI/AAAAAAAAAAA/gkFZthWOdgs/s48-c-k-c0x00ffffff-no-rj-mo/photo.jpg","유벤투스=날강두와 친구들\n\n\n\n\n(한국을 존중해준 선수들 제외)",5,"6 hours ago",1565437484064,true,true,"EkQSC3ZGdHN4ZlF1S1JVwAEAyAEA4AEBogINKP___________wFAAMICGxoXaHR0cHM6Ly93d3cueW91dHViZS5jb20iABgGMk4aTBIaVWd4SXFBV25zLXpSSjQ3aU1SRjRBYUFCQWciAggAKhhVQ2RURGR5Z3BaS2REZXcyczFzNDE5aXcyC3ZGdHN4ZlF1S1JVQAFI9AM%3D",2,,,,,,,,,
,,,,,,,,,,,,"UgxIqAWns-zRJ47iMRF4AaABAg.8ySGdxvroUm8ySSeUuuQuE","파수꾼아이슬란드","/channel/UCXpbC7EZxNkMtsVc2r4fE5A","https://yt3.ggpht.com/-3Md4QSGlCRE/AAAAAAAAAAI/AAAAAAAAAAA/T_2n_KiE_R8/s32-c-k-c0x00ffffff-no-rj-mo/photo.jpg","유벤투스=부폰과 날강두와 친구들",0,"5 hours ago",1565441084666,false
,,,,,,,,,,,,"UgxIqAWns-zRJ47iMRF4AaABAg.8ySGdxvroUm8ySmK7XH3xp","백종수","/channel/UCQdA-iE-pInHTnq5fHtVTVw","https://yt3.ggpht.com/-4g18PlNHryo/AAAAAAAAAAI/AAAAAAAAAAA/tljN2GqTD7k/s32-c-k-c0x00ffffff-no-rj-mo/photo.jpg","@파수꾼아이슬란드 부폰이랑 그사람이랑 안 묶으셨으면;",1,"2 hours ago",1565451884667,false
"UgxOcx9tVTUVP8glRSd4AaABAg","you like a cuppa would","/channel/UC-BGFecFG0D12czjSX3I7Iw","https://yt3.ggpht.com/-1c1Yo4kQRuM/AAAAAAAAAAI/AAAAAAAAAAA/f9OMbzSvZ48/s48-c-k-c0x00ffffff-no-rj-mo/photo.jpg","00:13 구너 삐죽삐죽 너무 귀엽다 ...",15,"6 hours ago",1565437484069,false,true,"EkQSC3ZGdHN4ZlF1S1JVwAEAyAEA4AEBogINKP___________wFAAMICGxoXaHR0cHM6Ly93d3cueW91dHViZS5jb20iABgGMk4aTBIaVWd4T2N4OXRWVFVWUDhnbFJTZDRBYUFCQWciAggAKhhVQ2RURGR5Z3BaS2REZXcyczFzNDE5aXcyC3ZGdHN4ZlF1S1JVQAFI9AM%3D",1,,,,,,,,,
,,,,,,,,,,,,"UgxOcx9tVTUVP8glRSd4AaABAg.8ySGKVaQ2Wj8ySqk1_eZEK","좌빨킬러","/channel/UCkzVfIO8dMzB8h0Me5LK2SQ","https://yt3.ggpht.com/-EQgg5i5Lfx0/AAAAAAAAAAI/AAAAAAAAAAA/o1kMBlN4ZIk/s32-c-k-c0x00ffffff-no-rj-mo/photo.jpg","하앙...ㅜㅜ♥",1,"1 hour ago",1565455484698,false
"Ugzk2i6yYNNkkQ63LTt4AaABAg","wueif7","/channel/UC9BAsaPTugqeL-86tmsM4GQ","https://yt3.ggpht.com/-Yu7QXzy1OsM/AAAAAAAAAAI/AAAAAAAAAAA/4X9exiDeqrw/s48-c-k-c0x00ffffff-no-rj-mo/photo.jpg","우디는 뭐냐 갑분싸네 ㅋㅋㅋ",90,"7 hours ago",1565433884078,false,true,"EkQSC3ZGdHN4ZlF1S1JVwAEAyAEA4AEBogINKP___________wFAAMICGxoXaHR0cHM6Ly93d3cueW91dHViZS5jb20iABgGMk4aTBIaVWd6azJpNnlZTk5ra1E2M0xUdDRBYUFCQWciAggAKhhVQ2RURGR5Z3BaS2REZXcyczFzNDE5aXcyC3ZGdHN4ZlF1S1JVQAFI9AM%3D",1,,,,,,,,,
,,,,,,,,,,,,"Ugzk2i6yYNNkkQ63LTt4AaABAg.8ySGCd3B2-28yScPAaGydB","김연우","/channel/UChAg8jkQOn3_jJUv-oMintg","https://yt3.ggpht.com/-rmN6dgClfKY/AAAAAAAAAAI/AAAAAAAAAAA/e-xRyp8rKlM/s32-c-k-c0x00ffffff-no-rj-mo/photo.jpg","음원차트 주작 쳐놓고 정준영이랑 축구하다가 갑자기 여기로 와버리네",18,"3 hours ago",1565448284652,false
"Ugwl83jNlSxfh0s8UJJ4AaABAg","조민제","/channel/UC3t1z13yIxvL8ivF9DOAofw","https://yt3.ggpht.com/-BJF-XMb5kQ8/AAAAAAAAAAI/AAAAAAAAAAA/-GQwXRs5tGA/s48-c-k-c0x00ffffff-no-rj-mo/photo.jpg","바밤바 광고 찍었던데",0,"7 hours ago",1565433884081,false,false,,,,,,,,,,,
"UgwlXpbdF7FGHGjqGIp4AaABAg","상원스","/channel/UCwazDDtWmhsSL5DQRD5b5mQ","https://yt3.ggpht.com/-maQe4DKefPk/AAAAAAAAAAI/AAAAAAAAAAA/y1FdFOQQnSw/s48-c-k-c0x00ffffff-no-rj-mo/photo.jpg","갑분우디무엇 \n갑자기사재기가나오누",19,"7 hours ago",1565433884083,false,false,,,,,,,,,,,
"Ugz-ppEGdTJ-5W66z5l4AaABAg","#토트넘 #Tottenham #COYS","/channel/UC4zfONBnHIwF_aexpVBaUPA","https://yt3.ggpht.com/-a8lUPbnPNdQ/AAAAAAAAAAI/AAAAAAAAAAA/dS0hV6anssU/s48-c-k-c0x00ffffff-no-rj-mo/photo.jpg","유벤투스는 구단차원에서 한국을 개무시했던거..",15,"7 hours ago",1565433884098,true,false,,,,,,,,,,,
"UgwSw___XbnZXI0ImG54AaABAg","승태코봉아리","/channel/UCUHhH1UYu2OgGv0w66_nXkg","https://yt3.ggpht.com/-C9v_o_GwPfc/AAAAAAAAAAI/AAAAAAAAAAA/WPTvzDv_bFk/s48-c-k-c0x00ffffff-no-rj-mo/photo.jpg","우디서 슛포러브에서 나댕기냐",28,"7 hours ago",1565433884100,false,false,,,,,,,,,,,
"UgxjKbzyZ33e5seZyG94AaABAg","이영진","/channel/UCUuXlEGcd-o6lZedPrQwQJg","https://yt3.ggpht.com/-fBVdao3Qkfs/AAAAAAAAAAI/AAAAAAAAAAA/B_1Oo0F2mdc/s48-c-k-c0x00ffffff-no-rj-mo/photo.jpg","안타까워하는 구너님도 아름답네요",6,"7 hours ago",1565433884102,false,false,,,,,,,,,,,
"UgxETudKQS8cN3-0Omt4AaABAg","창모","/channel/UCr8OJDeCfDltmePw8Zo4vsQ","https://yt3.ggpht.com/-13MSP5ZjzAg/AAAAAAAAAAI/AAAAAAAAAAA/ll1EeXjqicA/s48-c-k-c0x00ffffff-no-rj-mo/photo.jpg","우디는 뭐냐ㅋㅋㅋㅋㅋ\n사재기 ㅋㅋㅋㅋㅋㅋㅋㅋㅋㅋㅋㅋㅋ",28,"7 hours ago",1565433884110,false,false,,,,,,,,,,,
"Ugxq_JBvCQDFSTgs9FR4AaABAg","운동","/channel/UCEClGgLq0KAQtPNiJC_4QKw","https://yt3.ggpht.com/-6JVpoSsHcVo/AAAAAAAAAAI/AAAAAAAAAAA/zZWbK8OlVII/s48-c-k-c0x00ffffff-no-rj-mo/photo.jpg","근데 조원희형은 왜 항상 목이 쉬어있나요??원래 목소리인가요??",0,"7 hours ago",1565433884112,false,false,,,,,,,,,,,
"UgyzSy19MyyNTGrJjRh4AaABAg","변유록","/channel/UCGOdbB3qMV-7l5Ht-1hj6Qw","https://yt3.ggpht.com/-4JapDobZ32E/AAAAAAAAAAI/AAAAAAAAAAA/Xn9ewwTOiCs/s48-c-k-c0x00ffffff-no-rj-mo/photo.jpg","처음 그 분  모자이크 처리후 영상 업로드 부탁드립니다 자막도 날강두라고 바꿔주시길 온 국민이 부탁드리고 있습니다ㄱ",39,"7 hours ago",1565433884114,false,true,"EkQSC3ZGdHN4ZlF1S1JVwAEAyAEA4AEBogINKP___________wFAAMICGxoXaHR0cHM6Ly93d3cueW91dHViZS5jb20iABgGMk4aTBIaVWd5elN5MTlNeXlOVEdySmpSaDRBYUFCQWciAggAKhhVQ2RURGR5Z3BaS2REZXcyczFzNDE5aXcyC3ZGdHN4ZlF1S1JVQAFI9AM%3D",2,,,,,,,,,
,,,,,,,,,,,,"UgyzSy19MyyNTGrJjRh4AaABAg.8ySEHQMeLqw8ySP5csQiWk","내가 믿는 너를 믿어","/channel/UC4u6aQ44Z_rYf6ZeMRgLWpg","https://yt3.ggpht.com/-4jX7AnumjH4/AAAAAAAAAAI/AAAAAAAAAAA/yJklvzKh7Kk/s32-c-k-c0x00ffffff-no-rj-mo/photo.jpg","온 국민은 아니다냥",2,"5 hours ago",1565441084695,false
,,,,,,,,,,,,"UgyzSy19MyyNTGrJjRh4AaABAg.8ySEHQMeLqw8ySjkRYWA04","누구 누구","/channel/UC38-GSx7T2kqIUPPlCpymaA","https://yt3.ggpht.com/-mDXXGuRmx1E/AAAAAAAAAAI/AAAAAAAAAAA/dar4AmsRaOg/s32-c-k-c0x00ffffff-no-rj-mo/photo.jpg","내가 믿는 너를 믿어 오우애니충 ㄸ",1,"2 hours ago",1565451884696,false
"UgyBpNxYX_m5pBE70JR4AaABAg","바나나맛우유","/channel/UCwmqjlk526w2dive1tkGnig","https://yt3.ggpht.com/-WbsdSFCNAiQ/AAAAAAAAAAI/AAAAAAAAAAA/x5Ld26-2PqI/s48-c-k-c0x00ffffff-no-rj-mo/photo.jpg","유벤놈들은 통수가 특기인듯",0,"7 hours ago",1565433885580,false,false,,,,,,,,,,,
"Ugz2TihsyFr4cNU93z54AaABAg","ASMR CHAMELEON*카멜레온","/channel/UCetbeuG10IsYv-eianRJSCw","https://yt3.ggpht.com/-QgfhvgYNADY/AAAAAAAAAAI/AAAAAAAAAAA/qnH7fYLZpsw/s48-c-k-c0x00ffffff-no-rj-mo/photo.jpg","누워서 이 영상 보고 계신분~?",2,"7 hours ago",1565433885581,false,false,,,,,,,,,,,
"UgxybDspfl3kQ7VPG314AaABAg","Messi Lionel","/channel/UCXxmfSVHeK8kda-tcUzy2VA","https://yt3.ggpht.com/-Vrh0UX1ViAc/AAAAAAAAAAI/AAAAAAAAAAA/9WXzi5rlmrk/s48-c-k-c0x00ffffff-no-rj-mo/photo.jpg","호자이크 부탁드려요",57,"7 hours ago",1565433885582,false,true,"EkQSC3ZGdHN4ZlF1S1JVwAEAyAEA4AEBogINKP___________wFAAMICGxoXaHR0cHM6Ly93d3cueW91dHViZS5jb20iABgGMk4aTBIaVWd4eWJEc3BmbDNrUTdWUEczMTRBYUFCQWciAggAKhhVQ2RURGR5Z3BaS2REZXcyczFzNDE5aXcyC3ZGdHN4ZlF1S1JVQAFI9AM%3D",3,,,,,,,,,
,,,,,,,,,,,,"UgxybDspfl3kQ7VPG314AaABAg.8ySD59oMuzn8yS_3Sb7EkD","송지민","/channel/UCdtnmn02n3s4mw6KxqWZnKQ","https://yt3.ggpht.com/-dHv-gpczurk/AAAAAAAAAAI/AAAAAAAAAAA/GnzAOW9FhA4/s32-c-k-c0x00ffffff-no-rj-mo/photo.jpg","호날두의 호는 나쁜의미이기때문에 그냥호를 쓰셔도 무방합니다",6,"4 hours ago",1565444686209,false
,,,,,,,,,,,,"UgxybDspfl3kQ7VPG314AaABAg.8ySD59oMuzn8ySaYI6ezWO","인싸가 되고싶은아싸","/channel/UCEkJCfTf8B8JGQQ5EbjptuQ","https://yt3.ggpht.com/--6c0llzhrA8/AAAAAAAAAAI/AAAAAAAAAAA/rQ4mHhVay8o/s32-c-k-c0x00ffffff-no-rj-mo/photo.jpg","@송지민 정답 고구마먹고 사이다 마신느낌.. 답답했눈데",1,"3 hours ago",1565448286210,false
,,,,,,,,,,,,"UgxybDspfl3kQ7VPG314AaABAg.8ySD59oMuzn8ySglBMRAns","이민혁","/channel/UCLPl1-6IATbMrijZK3SmIjA","https://yt3.ggpht.com/-AxSM_L_hdD0/AAAAAAAAAAI/AAAAAAAAAAA/KCmO4a4RF4w/s32-c-k-c0x00ffffff-no-rj-mo/photo.jpg","@금동혁 뭔소리야 이새낀 ㅋㅋ",0,"2 hours ago",1565451886211,false
"Ugw1vZFiHBUDDPX4PqZ4AaABAg","손동우","/channel/UCw9YZqcA9YRRDSF6rH8KQuQ","https://yt3.ggpht.com/-0dRYw2VEUVM/AAAAAAAAAAI/AAAAAAAAAAA/svKAewaHFkU/s48-c-k-c0x00ffffff-no-rj-mo/photo.jpg","역시 갓포러브 11분만에 조회수 1천개 ㄷ ㄷ",0,"7 hours ago",1565433885585,false,false,,,,,,,,,,,
"Ugym6y6XcpcwISQv4cR4AaABAg","겸Son한흥민이","/channel/UCOOBVlx5se2YjTV5v9RZD5Q","https://yt3.ggpht.com/-mQZMBekNYWk/AAAAAAAAAAI/AAAAAAAAAAA/ufF_g0czT3E/s48-c-k-c0x00ffffff-no-rj-mo/photo.jpg","콘 안 건드리게라고 말씀하시는 조투소 본인이 다 건드리시네요ㅎㅎ 원희형님~♡",2,"7 hours ago",1565433885587,false,false,,,,,,,,,,,
"Ugy2kwM8HzGjtzRiQwx4AaABAg","영어인싸","/channel/UC9Piri8NEMZzsfW94HFifBw","https://yt3.ggpht.com/-2Du7g9HoD5Y/AAAAAAAAAAI/AAAAAAAAAAA/R6zLmjVoOOw/s48-c-k-c0x00ffffff-no-rj-mo/photo.jpg","아닠ㅋㅋㅋㅋㅋ 실제 경기할 때 선수단 지각하더니 여기는 걍 안와버리네 ㅋㅋㅋㅋㅋ",2,"7 hours ago",1565433885589,false,true,"EkQSC3ZGdHN4ZlF1S1JVwAEAyAEA4AEBogINKP___________wFAAMICGxoXaHR0cHM6Ly93d3cueW91dHViZS5jb20iABgGMk4aTBIaVWd5Mmt3TThIekdqdHpSaVF3eDRBYUFCQWciAggAKhhVQ2RURGR5Z3BaS2REZXcyczFzNDE5aXcyC3ZGdHN4ZlF1S1JVQAFI9AM%3D",2,,,,,,,,,
,,,,,,,,,,,,"Ugy2kwM8HzGjtzRiQwx4AaABAg.8ySCciBOvCD8ySFqMGGm_d","K.j Lee","/channel/UCs9jWgkTpQ3ugMGyJKyfykw","https://yt3.ggpht.com/-mfsIlhsmdeU/AAAAAAAAAAI/AAAAAAAAAAA/pm-bfBsGF_Y/s32-c-k-c0x00ffffff-no-rj-mo/photo.jpg","영어인싸 트레제게랑 다비즈 자선경기 자체를 아예 안뛴거에요?",0,"7 hours ago",1565433886118,false
,,,,,,,,,,,,"Ugy2kwM8HzGjtzRiQwx4AaABAg.8ySCciBOvCD8ySJaknAaCD","성의진","/channel/UCTfiduHor6loZNwDH5Yjlug","https://yt3.ggpht.com/-SrHbzvP5Hxo/AAAAAAAAAAI/AAAAAAAAAAA/KDtyhf3QWYo/s32-c-k-c0x00ffffff-no-rj-mo/photo.jpg","비가와서 차가 너무 막혀가지고 늦게 도착했다네요 팬들 기다리는거 알고 비오는와중에 와서 결국 뛰었다고 들었습니다",0,"6 hours ago",1565437486120,false
"Ugx_wBFFn72hu92xJCt4AaABAg","안녕하세룔","/channel/UCWPrLmw_eZrjUglGaAleSOA","https://yt3.ggpht.com/-m_hpzesuDs0/AAAAAAAAAAI/AAAAAAAAAAA/Rnq2LUXwBY4/s48-c-k-c0x00ffffff-no-rj-mo/photo.jpg","1:40 그와중에 용대사르 장갑도 안끼고 막음 ㄷㄷㄷㄷ",3,"7 hours ago",1565433885592,false,false,,,,,,,,,,,
"UgxMKMIx2CpV97nD9JN4AaABAg","섭섭이 Seopseopi","/channel/UCVoqllm05_D45jsx8TDvccw","https://yt3.ggpht.com/-yNWnOR3rDvc/AAAAAAAAAAI/AAAAAAAAAAA/9W-FcZyDAkw/s48-c-k-c0x00ffffff-no-rj-mo/photo.jpg","1:35 와 잘차고 잘막았다",6,"7 hours ago",1565433885593,false,true,"EkQSC3ZGdHN4ZlF1S1JVwAEAyAEA4AEBogINKP___________wFAAMICGxoXaHR0cHM6Ly93d3cueW91dHViZS5jb20iABgGMk4aTBIaVWd4TUtNSXgyQ3BWOTduRDlKTjRBYUFCQWciAggAKhhVQ2RURGR5Z3BaS2REZXcyczFzNDE5aXcyC3ZGdHN4ZlF1S1JVQAFI9AM%3D",2,,,,,,,,,
,,,,,,,,,,,,"UgxMKMIx2CpV97nD9JN4AaABAg.8ySCTMmr5bq8ySqKATYzw_","박상현","/channel/UCzFplOtLBfPoCvHAtSzhJ7A","https://yt3.ggpht.com/-wK-hjvN2Fzw/AAAAAAAAAAI/AAAAAAAAAAA/Gx6c1JOREmQ/s32-c-k-c0x00ffffff-no-rj-mo/photo.jpg","심지어 김용대 키퍼 장갑 잡고있음 ㅋㅋㅋㅋㅋ",0,"1 hour ago",1565455486163,false
,,,,,,,,,,,,"UgxMKMIx2CpV97nD9JN4AaABAg.8ySCTMmr5bq8ySyo64CjLH","섭섭이 Seopseopi","/channel/UCVoqllm05_D45jsx8TDvccw","https://yt3.ggpht.com/-yNWnOR3rDvc/AAAAAAAAAAI/AAAAAAAAAAA/9W-FcZyDAkw/s32-c-k-c0x00ffffff-no-rj-mo/photo.jpg","@박상현 헐 ㅁㅊ 이제 앎....",0,"22 minutes ago",1565457766164,false
"UgyGnA30FTvYkffy9EB4AaABAg","루티니스트","/channel/UCWxQHzSC3EX4GCs5CqJ7POg","https://yt3.ggpht.com/-0t6QVA7La4o/AAAAAAAAAAI/AAAAAAAAAAA/4ogLjaHLAV8/s48-c-k-c0x00ffffff-no-rj-mo/photo.jpg","현영민 현역때도 \n미칠듯한 경운기 드리블 헛다리로 유명했는데\n참 쇼맨쉽 좋은 선수 ㅋㅋㅋㅋㅋ",4,"7 hours ago",1565433885594,false,false,,,,,,,,,,,
"Ugw4aXIn7BlumaOL1jR4AaABAg","허니crew","/channel/UCBhQHSZYpdit_k-CXjV0Hqg","https://yt3.ggpht.com/-k2ee3YguyJQ/AAAAAAAAAAI/AAAAAAAAAAA/twMRdLaQhoI/s48-c-k-c0x00ffffff-no-rj-mo/photo.jpg","근데 조밥탈출은 어떻게 된거에요?",117,"7 hours ago",1565433885596,false,true,"EkQSC3ZGdHN4ZlF1S1JVwAEAyAEA4AEBogINKP___________wFAAMICGxoXaHR0cHM6Ly93d3cueW91dHViZS5jb20iABgGMk4aTBIaVWd3NGFYSW43Qmx1bWFPTDFqUjRBYUFCQWciAggAKhhVQ2RURGR5Z3BaS2REZXcyczFzNDE5aXcyC3ZGdHN4ZlF1S1JVQAFI9AM%3D",6,,,,,,,,,
,,,,,,,,,,,,"Ugw4aXIn7BlumaOL1jR4AaABAg.8ySCKpN8Ogw8ySG2F4xu8z","Sehun Kim","/channel/UCTvlBa1fh1ax1Le5MVrSZRw","https://yt3.ggpht.com/-C1xikeAdyWI/AAAAAAAAAAI/AAAAAAAAAAA/XCeSHpznwS0/s32-c-k-c0x00ffffff-no-rj-mo/photo.jpg","실패",7,"7 hours ago",1565433886238,false
,,,,,,,,,,,,"Ugw4aXIn7BlumaOL1jR4AaABAg.8ySCKpN8Ogw8ySLrfhTTOQ","주현","/channel/UCPZ34LP1uZvHbPWwrhfu3yg","https://yt3.ggpht.com/-xAWAPz41bQs/AAAAAAAAAAI/AAAAAAAAAAA/k7XmP-IIHl4/s32-c-k-c0x00ffffff-no-rj-mo/photo.jpg","Sehun Kim ㄹㅇ?",1,"6 hours ago",1565437486240,false
,,,,,,,,,,,,"Ugw4aXIn7BlumaOL1jR4AaABAg.8ySCKpN8Ogw8ySMwceNEcB","다빈 최","/channel/UCGyHa4tyXH-SbcgDFFI7O7Q","https://yt3.ggpht.com/-DqkaIh6ZFY8/AAAAAAAAAAI/AAAAAAAAAAA/GexVp-cABUc/s32-c-k-c0x00ffffff-no-rj-mo/photo.jpg","탈출이 힘들게 됐답니..",1,"6 hours ago",1565437486241,false
,,,,,,,,,,,,"Ugw4aXIn7BlumaOL1jR4AaABAg.8ySCKpN8Ogw8ySNtzC2v6_","코털","/channel/UCeRgi57N2emzOouxuARrGNA","https://yt3.ggpht.com/-FQ3JYPkIc3E/AAAAAAAAAAI/AAAAAAAAAAA/Dp5VgRjcjx4/s32-c-k-c0x00ffffff-no-rj-mo/photo.jpg","조밥은 역시 조밥이였습니다",4,"5 hours ago",1565441086243,false
,,,,,,,,,,,,"Ugw4aXIn7BlumaOL1jR4AaABAg.8ySCKpN8Ogw8ySfFv4_wCv","최도훈","/channel/UCbZwD8oDImsBNQ2v7sfxg0A","https://yt3.ggpht.com/-YtIecOdzbJM/AAAAAAAAAAI/AAAAAAAAAAA/_s__lFNL49I/s32-c-k-c0x00ffffff-no-rj-mo/photo.jpg","플랜 취소인가요?",0,"3 hours ago",1565448286246,false
,,,,,,,,,,,,"Ugw4aXIn7BlumaOL1jR4AaABAg.8ySCKpN8Ogw8ySgIJmBCYo","민석김","/channel/UCF5qWOjHUuZWZoskK5J21Aw","https://yt3.ggpht.com/-6qPtlRFnrcc/AAAAAAAAAAI/AAAAAAAAAAA/ee7E1AqsoYI/s32-c-k-c0x00ffffff-no-rj-mo/photo.jpg","요즘 일정이 많아서 못한거 아닐까요",2,"3 hours ago",1565448286247,false
"UgxPxfi8O3H0mk49adl4AaABAg","카이지","/channel/UCdYRLhSR4Qpea5CmxwiB6kQ","https://yt3.ggpht.com/-LGVbOg71E1s/AAAAAAAAAAI/AAAAAAAAAAA/1kcYiYt5PfU/s48-c-k-c0x00ffffff-no-rj-mo/photo.jpg","구너님 진짜 예쁘다",10,"7 hours ago",1565433885597,false,false,,,,,,,,,,,
"UgzruowcWjaWIVm61C94AaABAg","화양연화.","/channel/UCvavfp5ZC-Dob8ZIrzcp9Sg","https://yt3.ggpht.com/-iXlZdBedrkY/AAAAAAAAAAI/AAAAAAAAAAA/0ROE6jb-LOw/s48-c-k-c0x00ffffff-no-rj-mo/photo.jpg","레전드분들도 고생ㅠ",0,"7 hours ago",1565433885598,false,false,,,,,,,,,,,
"UgyTMAFneV_2oSuoDrR4AaABAg","용자지령다그온 엔","/channel/UC8u9SENlFoqCJLP_HCKDQ9A","https://yt3.ggpht.com/-gvxWk-wGL4A/AAAAAAAAAAI/AAAAAAAAAAA/znej9kQXnXA/s48-c-k-c0x00ffffff-no-rj-mo/photo.jpg","1:22 축구 계의 교과서 ㅋㅋㅋㅋㅋㅋ",0,"7 hours ago",1565433885599,false,false,,,,,,,,,,,
"UgwpR8Y55gF_B856Nfl4AaABAg","코프","/channel/UCobPPqBLqA6Ze0LX6VyHKsw","https://yt3.ggpht.com/-TkC_0kEhdQ0/AAAAAAAAAAI/AAAAAAAAAAA/MAo19KPPitc/s48-c-k-c0x00ffffff-no-rj-mo/photo.jpg","호날두랑 메시를 비교하는거 누구냐 ㅋㅋ 메시가 열심히 3명 제낄때 호날두는 벤치에 앉아서 6만5천명 제끼는데 ㅋㅋㅋ 아 5천만명인가?",1,"7 hours ago",1565433885600,false,true,"EkQSC3ZGdHN4ZlF1S1JVwAEAyAEA4AEBogINKP___________wFAAMICGxoXaHR0cHM6Ly93d3cueW91dHViZS5jb20iABgGMk4aTBIaVWd3cFI4WTU1Z0ZfQjg1Nk5mbDRBYUFCQWciAggAKhhVQ2RURGR5Z3BaS2REZXcyczFzNDE5aXcyC3ZGdHN4ZlF1S1JVQAFI9AM%3D",3,,,,,,,,,
,,,,,,,,,,,,"UgwpR8Y55gF_B856Nfl4AaABAg.8ySCAWoEdLC8ySDkS9wRzJ","홍성욱","/channel/UCiOzwMpBhFaFor0poID_PVw","https://yt3.ggpht.com/-V0PEOhycdEk/AAAAAAAAAAI/AAAAAAAAAAA/rdh0cZ8Uk4o/s32-c-k-c0x00ffffff-no-rj-mo/photo.jpg","6만5천(만)명 제껴버림",0,"7 hours ago",1565433886217,false
,,,,,,,,,,,,"UgwpR8Y55gF_B856Nfl4AaABAg.8ySCAWoEdLC8ySE2hdUxlG","응아니야","/channel/UCO-1J6wqqUNm4YUlv8syWoQ","https://yt3.ggpht.com/-plGeFpZJLAY/AAAAAAAAAAI/AAAAAAAAAAA/EeLgOI2Wlr4/s32-c-k-c0x00ffffff-no-rj-mo/photo.jpg","ㅋㅋ 이게 날강두 클라스지 이래서 메시랑 날두랑 비교하면 안됌 ㅇㅅㅇ",0,"7 hours ago",1565433886218,false
,,,,,,,,,,,,"UgwpR8Y55gF_B856Nfl4AaABAg.8ySCAWoEdLC8ySEppXV7XA","윤수최","/channel/UCzl30znSYW-KnmaeGPPscsw","https://yt3.ggpht.com/-OkE64_lySpA/AAAAAAAAAAI/AAAAAAAAAAA/XiaJ_sa08s8/s32-c-k-c0x00ffffff-no-rj-mo/photo.jpg","아니 그만좀 우려먹어라",0,"7 hours ago",1565433886219,false
"UgyiaQW5I_lVz87niRF4AaABAg","Jaewon Choi","/channel/UCRy4kJGthM-pZPfGAcFdBLQ","https://yt3.ggpht.com/-Jye2W6-jA-g/AAAAAAAAAAI/AAAAAAAAAAA/5HEfP5Uo_yw/s48-c-k-c0x00ffffff-no-rj-mo/photo.jpg","3:18 노룩 프리킥\n바쁘신분들 바로 보세요",80,"7 hours ago",1565433885601,true,true,"EkQSC3ZGdHN4ZlF1S1JVwAEAyAEA4AEBogINKP___________wFAAMICGxoXaHR0cHM6Ly93d3cueW91dHViZS5jb20iABgGMk4aTBIaVWd5aWFRVzVJX2xWejg3bmlSRjRBYUFCQWciAggAKhhVQ2RURGR5Z3BaS2REZXcyczFzNDE5aXcyC3ZGdHN4ZlF1S1JVQAFI9AM%3D",1,,,,,,,,,
,,,,,,,,,,,,"UgyiaQW5I_lVz87niRF4AaABAg.8ySC5Kh9Mqw8ySCnmZMYAo","섭섭이 Seopseopi","/channel/UCVoqllm05_D45jsx8TDvccw","https://yt3.ggpht.com/-yNWnOR3rDvc/AAAAAAAAAAI/AAAAAAAAAAA/9W-FcZyDAkw/s32-c-k-c0x00ffffff-no-rj-mo/photo.jpg","이거 왤케 웃기짘ㅋㅋㅋㅋㅋㅋㅋㅋㅋㅋㅋㅋㅋㅌㅋㅋㅋㅋ",5,"7 hours ago",1565433886169,false
"Ugys__Bj3yyz-sRN_6B4AaABAg","BANKRUPT","/channel/UCwTewg-6_Tms4dTWfLSnI5g","https://yt3.ggpht.com/-EPTivwijJUM/AAAAAAAAAAI/AAAAAAAAAAA/I7aschlqVi4/s48-c-k-c0x00ffffff-no-rj-mo/photo.jpg","호자이크 부탁드립니다",0,"7 hours ago",1565433885602,false,false,,,,,,,,,,,
"UgzoQ21fDvMb9-jEBet4AaABAg","이준우","/channel/UCRwqo2Zw7BVUtDVf5aCvTuA","https://yt3.ggpht.com/-ZDt-8tRPA5k/AAAAAAAAAAI/AAAAAAAAAAA/hy0EtF-rksY/s48-c-k-c0x00ffffff-no-rj-mo/photo.jpg","🌑🌑🌑🌑🌑🌑🌑🌑🌓🌗\n🌑🌓🌕🌕🌕🌗🌑🌑🌓🌗\n🌑🌓🌑🌑🌑🌗🌔🌔🌓🌗\n🌑🌓🌑🌑🌑🌗🌔🌔🌓🌗\n🌑🌓🌔🌔🌔🌗🌑🌑🌓🌗\n🌑🌑🌑🌑🌑🌑🌑🌑🌓🌗\n🌑🌑🌑🌑🌑🌑🌑🌑🌓🌗\n\n\n🌑🌑🌑🌑🌑🌑🌑🌑🌓🌗\n🌑🌑🌑🌑🌓🌗🌑🌑🌓🌗\n🌑🌑🌑🌓🌑🌑🌗🌑🌓🌗\n🌑🌑🌓🌑🌑🌑🌑🌗🌓🌗\n🌑🌑🌑🌑🌑🌑🌑🌑🌓🌗\n🌑🌑🌑🌑🌑🌑🌑🌑🌓🌗\n🌑🌑🌑🌑🌑🌑🌑🌑🌓🌗",0,"7 hours ago",1565433885603,false,true,"EkQSC3ZGdHN4ZlF1S1JVwAEAyAEA4AEBogINKP___________wFAAMICGxoXaHR0cHM6Ly93d3cueW91dHViZS5jb20iABgGMk4aTBIaVWd6b1EyMWZEdk1iOS1qRUJldDRBYUFCQWciAggAKhhVQ2RURGR5Z3BaS2REZXcyczFzNDE5aXcyC3ZGdHN4ZlF1S1JVQAFI9AM%3D",4,,,,,,,,,
,,,,,,,,,,,,"UgzoQ21fDvMb9-jEBet4AaABAg.8ySC3DfXedc8ySCdb6kwn2","정상인","/channel/UC2FPvFCq82CzVPpGbEGpUEw","https://yt3.ggpht.com/-JOAvt7gKgpA/AAAAAAAAAAI/AAAAAAAAAAA/8qHFOZ7K_ws/s32-c-k-c0x00ffffff-no-rj-mo/photo.jpg","몌시?",0,"7 hours ago",1565433886250,false
,,,,,,,,,,,,"UgzoQ21fDvMb9-jEBet4AaABAg.8ySC3DfXedc8ySCeXZhWci","정상인","/channel/UC2FPvFCq82CzVPpGbEGpUEw","https://yt3.ggpht.com/-JOAvt7gKgpA/AAAAAAAAAAI/AAAAAAAAAAA/8qHFOZ7K_ws/s32-c-k-c0x00ffffff-no-rj-mo/photo.jpg","며시",0,"7 hours ago",1565433886251,false
,,,,,,,,,,,,"UgzoQ21fDvMb9-jEBet4AaABAg.8ySC3DfXedc8ySCwIGJIVz","정상인","/channel/UC2FPvFCq82CzVPpGbEGpUEw","https://yt3.ggpht.com/-JOAvt7gKgpA/AAAAAAAAAAI/AAAAAAAAAAA/8qHFOZ7K_ws/s32-c-k-c0x00ffffff-no-rj-mo/photo.jpg","🌑🌑🌑🌑🌑🌑🌑🌑🌓🌗\n🌑🌓🌕🌕🌕🌗🌑🌑🌓🌗\n🌑🌓🌕🌕🌕🌗🌑🌑🌓🌗",0,"7 hours ago",1565433886252,false
,,,,,,,,,,,,"UgzoQ21fDvMb9-jEBet4AaABAg.8ySC3DfXedc8ySF4iVMXEs","이준우","/channel/UCRwqo2Zw7BVUtDVf5aCvTuA","https://yt3.ggpht.com/-ZDt-8tRPA5k/AAAAAAAAAAI/AAAAAAAAAAA/hy0EtF-rksY/s32-c-k-c0x00ffffff-no-rj-mo/photo.jpg","@정상인메신데 그냥 이렇게 한거에요",0,"7 hours ago",1565433886252,false
"UgwMcKmMOT_LmAkI9AR4AaABAg","9맹구","/channel/UCckMc9WxNERKU1WeE5jDIbQ","https://yt3.ggpht.com/-BL17ynFZUKU/AAAAAAAAAAI/AAAAAAAAAAA/KXK3WP3YEP0/s48-c-k-c0x00ffffff-no-rj-mo/photo.jpg","이 와중에 구너 이ㅃㅁ",25,"7 hours ago",1565433885606,false,false,,,,,,,,,,,
"Ugzg084PD2Xpk0jdry54AaABAg","김현","/channel/UCdI9odpADlmD0abp_8sd-RQ","https://yt3.ggpht.com/-QmroSVVupeU/AAAAAAAAAAI/AAAAAAAAAAA/8c6rav-Ks5E/s48-c-k-c0x00ffffff-no-rj-mo/photo.jpg","구너님 진짜 예뻐요",1,"7 hours ago",1565433885607,false,false,,,,,,,,,,,
"UgyNd-i2o7NMxi0siNN4AaABAg","화양연화.","/channel/UCvavfp5ZC-Dob8ZIrzcp9Sg","https://yt3.ggpht.com/-iXlZdBedrkY/AAAAAAAAAAI/AAAAAAAAAAA/0ROE6jb-LOw/s48-c-k-c0x00ffffff-no-rj-mo/photo.jpg","ㄴㄱㄷ 땜에 다친마음 슛포보고 달랩니다...ㅠ",5,"7 hours ago",1565433885609,false,false,,,,,,,,,,,
"UgzROcao-72RMkzURdZ4AaABAg","그그귿그","/channel/UC_uQTR02vfjw7irdelUNLiA","https://yt3.ggpht.com/--u-E48zRT30/AAAAAAAAAAI/AAAAAAAAAAA/f_2NNeoryjA/s48-c-k-c0x00ffffff-no-rj-mo/photo.jpg","아니 시벌 아까 좆두나와서 놀랐네",0,"7 hours ago",1565433886979,false,false,,,,,,,,,,,
"Ugxqh5hY0D2ZFocJLeF4AaABAg","딱넌","/channel/UC0gOIEEL0Gsgqbo08NHdSlw","https://yt3.ggpht.com/-_mqQdIvb9is/AAAAAAAAAAI/AAAAAAAAAAA/8qB5y3NKUNA/s48-c-k-c0x00ffffff-no-rj-mo/photo.jpg","날강두 ㅆㅂㄹ이",0,"7 hours ago",1565433886980,false,false,,,,,,,,,,,
"Ugytb-pQHijDURKwXmZ4AaABAg","앙기무띠","/channel/UCCr0mxK1Y1zw93yIOa-eEDg","https://yt3.ggpht.com/-xwrJPdPvMxk/AAAAAAAAAAI/AAAAAAAAAAA/c0RtE0aXEsI/s48-c-k-c0x00ffffff-no-rj-mo/photo.jpg","3",0,"7 hours ago",1565433886981,false,true,"EkQSC3ZGdHN4ZlF1S1JVwAEAyAEA4AEBogINKP___________wFAAMICGxoXaHR0cHM6Ly93d3cueW91dHViZS5jb20iABgGMk4aTBIaVWd5dGItcFFIaWpEVVJLd1htWjRBYUFCQWciAggAKhhVQ2RURGR5Z3BaS2REZXcyczFzNDE5aXcyC3ZGdHN4ZlF1S1JVQAFI9AM%3D",1,,,,,,,,,
,,,,,,,,,,,,"Ugytb-pQHijDURKwXmZ4AaABAg.8ySBxpmh8HX8ySDqMSbX-F","모wqeee","/channel/UCpnf6sg5XdOKHeSVG7T5JbQ","https://yt3.ggpht.com/-2AhLx5t54oA/AAAAAAAAAAI/AAAAAAAAAAA/dwYrf8wrRyk/s32-c-k-c0x00ffffff-no-rj-mo/photo.jpg","님 프사",0,"7 hours ago",1565433887478,false
"Ugy1Nrp4LQlw9ashnGd4AaABAg","조용우","/channel/UCU_htsbb7S9l9nV_JXnpbPQ","https://yt3.ggpht.com/-ZOntFKtP7Jk/AAAAAAAAAAI/AAAAAAAAAAA/JfZa58sVQ0s/s48-c-k-c0x00ffffff-no-rj-mo/photo.jpg","날강두",0,"7 hours ago",1565433886982,false,false,,,,,,,,,,,
"UgwLrVOI_9s-YicBaah4AaABAg","호날두출전시간","/channel/UCYJs_-N99xoXa5bjMIFULBw","https://yt3.ggpht.com/-K4XBGF278u0/AAAAAAAAAAI/AAAAAAAAAAA/JKolWvCaiEs/s48-c-k-c0x00ffffff-no-rj-mo/photo.jpg","0",0,"7 hours ago",1565433886983,false,false,,,,,,,,,,,
"UgwcU0MulJnsCI-wbkF4AaABAg","박준영","/channel/UCAs6Ao3yMCCy7BOyNRZGySA","https://yt3.ggpht.com/-pyA41xkJkwM/AAAAAAAAAAI/AAAAAAAAAAA/T86wSdS6nBs/s48-c-k-c0x00ffffff-no-rj-mo/photo.jpg","호날두 꼴보기 싫네 진짜루",0,"7 hours ago",1565433886984,false,false,,,,,,,,,,,
"Ugx-ntYVLKsYJY1vNEF4AaABAg","시공기모찌.","/channel/UCweiHAILWLRlJTZyzQd-SBA","https://yt3.ggpht.com/-p14gTZCLIes/AAAAAAAAAAI/AAAAAAAAAAA/PXVaKSkzlI8/s48-c-k-c0x00ffffff-no-rj-mo/photo.jpg","ㅗㅇ",0,"7 hours ago",1565433886985,false,false,,,,,,,,,,,
"UgyBS0CE-LcZl1A2jvx4AaABAg","이준성","/channel/UCXTbLkNuPBDnZOIhX1zMZFQ","https://yt3.ggpht.com/-x4GnTGwGxqc/AAAAAAAAAAI/AAAAAAAAAAA/lOveOImo-8k/s48-c-k-c0x00ffffff-no-rj-mo/photo.jpg","날강두...",0,"7 hours ago",1565433886987,false,false,,,,,,,,,,,
"UgwTLLUQp5DeeudBJld4AaABAg","Kevin De Bruyn e","/channel/UCLwSXvVFynOgGOR5qar8P3Q","https://yt3.ggpht.com/-t7Llk8p_4yI/AAAAAAAAAAI/AAAAAAAAAAA/3j-nO1Ho1tk/s48-c-k-c0x00ffffff-no-rj-mo/photo.jpg","홀리쓋",0,"7 hours ago",1565433886988,false,false,,,,,,,,,,,
"UgyjllnyBtNvgfwv9cN4AaABAg","배병준","/channel/UCq0VWpZZRf47mDl_I2xPPfg","https://yt3.ggpht.com/-6FPhCX7nRjc/AAAAAAAAAAI/AAAAAAAAAAA/a3mybKcmBxQ/s48-c-k-c0x00ffffff-no-rj-mo/photo.jpg","2",0,"7 hours ago",1565433886989,false,false,,,,,,,,,,,
"UgzTuK5VgArbkBHF0XJ4AaABAg","이승화","/channel/UC04vUgQ09jXkaGNEu4ZytYg","https://yt3.ggpht.com/-p6JfIbPyZ2M/AAAAAAAAAAI/AAAAAAAAAAA/lQHfl4TzkJU/s48-c-k-c0x00ffffff-no-rj-mo/photo.jpg","1",0,"7 hours ago",1565433886990,false,false,,,,,,,,,,,